Version:1.0.1,,,,,,,,,,,,,,,,,,
ID_VALUE,ID_NAME,TYPE,Parameters Number,Original Format,,,,,,,,,,,,,
   1,,INT32,1,"""ranging error status is %d""",,,,,,,,,,,,
   2,,NONE,0,"""anchor no can address""",,,,,,,,,,,,
1000,,NONE,0,"""anchor 1 canfd bus error!""",,,,,,,,,,,,
1001,,NONE,0,"""anchor 2 canfd bus error!""",,,,,,,,,,,,
1002,,NONE,0,"""anchor 3 canfd bus error!""",,,,,,,,,,,,
1003,,NONE,0,"""anchor 4 canfd bus error!""",,,,,,,,,,,,
1004,,NONE,0,"""anchor 1 canfd bus recover!""",,,,,,,,,,,,
1005,,NONE,0,"""anchor 2 canfd bus recover!""",,,,,,,,,,,,
1006,,NONE,0,"""anchor 3 canfd bus recover!""",,,,,,,,,,,,
1007,,NONE,0,"""anchor 4 canfd bus recover!""",,,,,,,,,,,,
1008,,STRING,1,"""dkmm version(mcu&ble&uwb) %s""",,,,,,,,,,,,
1009,,STRING,1,"""anchor 1 version(ble&uwb) %s""",,,,,,,,,,,,
1010,,STRING,1,"""anchor 2 version(ble&uwb) %s""",,,,,,,,,,,,
1011,,STRING,1,3,,,,,,,,,,,,
1012,,STRING,1,"""anchor 4 version(ble&uwb) %s""",,,,,,,,,,,,
1013,,NONE,0,"""dkmm ble version exchange failed!""",,,,,,,,,,,,
1014,,INT32,1,"""anchor %d get version failed!""",,,,,,,,,,,,
1015,,INT32,4,"""ble connected connection id is %d CI is %d hop is %d crc_seed is %d""",,,,,,,,,,,,
1016,,BYTES,6,"""ble connection uuid is:""",,,,,,,,,,,,
1017,,INT32,4,"""ble disconnected connection id is %d CI is %d hop is %d crc_seed is %d""",,,,,,,,,,,,
1018,,BYTES,6,"""ble disconnection uuid is:""",,,,,,,,,,,,
1019,,INT32,1,"""ranging session %d start open config""",,,,,,,,,,,,
1020,,INT32,1,"""ranging session %d start close config""",,,,,,,,,,,,
1021,,INT32,1,"""generate uwb session id is %x""",,,,,,,,,,,,
1022,,NONE,0,"""anchor 0 uwb config failed!""",,,,,,,,,,,,
1023,,NONE,0,"""anchor 1 uwb config failed!""",,,,,,,,,,,,
1024,,NONE,0,"""anchor 2 uwb config failed!""",,,,,,,,,,,,
1025,,NONE,0,"""anchor 3 uwb config failed!""",,,,,,,,,,,,
1026,,NONE,0,"""anchor 4 uwb config failed!""",,,,,,,,,,,,
1027,,NONE,0,"""anchor 1 ble config failed!""",,,,,,,,,,,,
1028,,NONE,0,"""anchor 2 ble config failed!""",,,,,,,,,,,,
1029,,NONE,0,"""anchor 3 ble config failed!""",,,,,,,,,,,,
1030,,NONE,0,"""anchor 4 ble config failed!""",,,,,,,,,,,,
1031,,NONE,0,"""initiator uwb config failed!""",,,,,,,,,,,,
1032,,NONE,0,"""anchor 0 uwb start failed!""",,,,,,,,,,,,
1033,,NONE,0,"""anchor 1 uwb start failed!""",,,,,,,,,,,,
1034,,NONE,0,"""anchor 2 uwb start failed!""",,,,,,,,,,,,
1035,,NONE,0,"""anchor 3 uwb start failed!""",,,,,,,,,,,,
1036,,NONE,0,"""anchor 4 uwb start failed!""",,,,,,,,,,,,
1037,,NONE,0,"""initiator uwb start failed!""",,,,,,,,,,,,
1038,,INT32,2,"""ranging config success with ble conn id is %d uwb session id is %x""",,,,,,,,,,,,
1039,,INT32,2,"""ranging config failed with ble conn id is %d uwb session id is %x""",,,,,,,,,,,,
1040,,NONE,0,"""ranging system enter sleep mode!""",,,,,,,,,,,,
1041,,NONE,0,"""ranging system start and init ok!""",,,,,,,,,,,,
1042,,NONE,0,"""anchor 0 uwb stop failed!""",,,,,,,,,,,,
1043,,NONE,0,"""anchor 1 uwb stop failed!""",,,,,,,,,,,,
1044,,NONE,0,"""anchor 2 uwb stop failed!""",,,,,,,,,,,,
1045,,NONE,0,"""anchor 3 uwb stop failed!""",,,,,,,,,,,,
1046,,NONE,0,"""anchor 4 uwb stop failed!""",,,,,,,,,,,,
1047,,NONE,0,"""anchor 1 ble stop failed!""",,,,,,,,,,,,
1048,,NONE,0,"""anchor 2 ble stop failed!""",,,,,,,,,,,,
1049,,NONE,0,"""anchor 3 ble stop failed!""",,,,,,,,,,,,
1050,,NONE,0,"""anchor 4 ble stop failed!""",,,,,,,,,,,,
1051,,INT32,1,"""dkmm uwb init result %d!""",,,,,,,,,,,,
1052,,INT32,1,"""dkmm uart init result %d!""",,,,,,,,,,,,
1053,,INT32,1,"""dkmm private canfd init result %d!""",,,,,,,,,,,,
1054,,INT32,1,"""dkmm public canfd init result %d!""",,,,,,,,,,,,
1055,,INT32,1,"""ota dkmm mcu verify image result is %d!""",,,,,,,,,,,,
1056,,INT32,1,"""ota dkmm mcu start! result is %d """,,,,,,,,,,,,
1057,,INT32,1,"""ota dkmm ble verify image result is %d!""",,,,,,,,,,,,
1058,,NONE,0,"""ota dkmm ble start",,,,,,,,,,,,
1059,,INT32,1,"""ota dkmm ble result %d! """,,,,,,,,,,,,
1060,,INT32,1,"""ota dkmm uwb verify image result is %d!""",,,,,,,,,,,,
1061,,INT32,1,"""ota dkmm uwb start result %d! """,,,,,,,,,,,,
1062,,INT32,1,"""ota dkmm uwb result %d! """,,,,,,,,,,,,
1063,,INT32,1,"""ota dkam ble verify image result is %d!""",,,,,,,,,,,,
1064,,INT32,2,"""ota anchor %d ble start result %d! """,,,,,,,,,,,,
1065,,INT32,2,"""ota anchor %d ble result %d! """,,,,,,,,,,,,
1066,,INT32,2,"""ota dkam uwb verify image result is %d!""",,,,,,,,,,,,
1067,,INT32,2,"""ota anchor %d uwb start result %d! """,,,,,,,,,,,,
1068,,INT32,2,"""ota anchor %d uwb result %d! """,,,,,,,,,,,,
1069,,INT32,1,"""uwb ranging reset! session id is %x""",,,,,,,,,,,,
1070,,NONE,0,"""unlock car!""",,,,,,,,,,,,
1071,,NONE,0,"""lock car!""",,,,,,,,,,,,
1072,,NONE,0,"""Rear tailgate unlocking!""",,,,,,,,,,,,
1073,,NONE,0,"""Main frame electric door open!""",,,,,,,,,,,,
1074,,NONE,0,"""car search!""",,,,,,,,,,,,
1075,,NONE,0,"""One click window down!""",,,,,,,,,,,,
1076,,NONE,0,"""One click window up!""",,,,,,,,,,,,
1077,,NONE,0,"""Electric opening of rear tailgate!""",,,,,,,,,,,,
1078,,NONE,0,"""Electric closing of rear tailgate!""",,,,,,,,,,,,
1079,,NONE,0,"""Suspension adjustment up!""",,,,,,,,,,,,
1080,,NONE,0,"""Suspension adjustment down!""",,,,,,,,,,,,
1081,,INT32,1,"""uwb location init,tag id is %d""",,,,,,,,,,,,
1082,,INT32,7,"""uwb location coordinate calculation failed,tag id is %d,ret is %d,anchor(0-4) dist is %d %d %d %d %d""",,,,,,,,,,,,
1083,,INT32,2,"""uwb anchor is invalid(distance is 0 or 65535 more than 10 consecutive times),tag id is %d,anchor id is %d""",,,,,,,,,,,,
1084,,INT32,5,"""uwb location select two anchor change,tag id is %d,two anchor %d %d->%d %d""",,,,,,,,,,,,
1085,,INT32,3,"""uwb location algorithm select switch,tag id is %d,algorithm %d->%d""",,,,,,,,,,,,
1086,,INT32,3,"""uwb location result(incar or outcar)change,tag id is %d,result %d->%d""",,,,,,,,,,,,
1087,,INT32,5,"""ble location init,tag id is %d""",,,,,,,,,,,,
1088,,INT32,3,"""ble location result(near or far)change,tag id is %d,result %d->%d""",,,,,,,,,,,,
1089,,NONE,0,"""Mute dkmm ble!""",,,,,,,,,,,,
1090,,NONE,0,"""Unmute dkmm ble!""",,,,,,,,,,,,
1091,,INT32,1,"""Anchor %d uwb uci command""",,,,,,,,,,,,
1092,,INT32,1,"""Initiator %d uwb uci command""",,,,,,,,,,,,
1093,,BYTES,32,"""uci data:""",,,,,,,,,,,,
1094,,INT32,1,"""uci result:%d""",,,,,,,,,,,,
1095,,NONE,0,"""digital key lock car request!""",,,,,,,,,,,,
1096,,NONE,0,"""digital key unlock car request!""",,,,,,,,,,,,
1097,,NONE,0,"""uwb zoon lock car request!""",,,,,,,,,,,,
1098,,NONE,0,"""uwb zoon unlock car request!""",,,,,,,,,,,,
1099,,INT32,2,"""lock car response status %d reason %d!""",,,,,,,,,,,,
1100,,INT32,2,"""unlock car response status %d reason %d!""",,,,,,,,,,,,
1101,,NONE,0,"""central locking car command send failed!""",,,,,,,,,,,,
1102,,NONE,0,"""car is already locked!""",,,,,,,,,,,,
1103,,NONE,0,"""car is already unlocked!""",,,,,,,,,,,,
1104,,NONE,0,"""waiting car control response timeout!""",,,,,,,,,,,,
1105,,NONE,0,"""rtc update failed!""",,,,,,,,,,,,
1106,,NONE,0,"""radar open backdoor request!""",,,,,,,,,,,,
1107,,NONE,0,"""backdoor is already open!""",,,,,,,,,,,,
1108,,NONE,0,"""open backdoor!""",,,,,,,,,,,,
1109,,INT32,2,"""open backdoor response status %d reason %d!""",,,,,,,,,,,,
1110,,NONE,0,"""waiting backdoor open response timeout!""",,,,,,,,,,,,
1111,,NONE,0,"""backdoor open command send fail!""",,,,,,,,,,,,
1112,,NONE,0,"""backdoor is already closed!""",,,,,,,,,,,,
1113,,NONE,0,"""close backdoor!""",,,,,,,,,,,,
1114,,INT32,2,"""close backdoor response status %d reason %d!""",,,,,,,,,,,,
1115,,NONE,0,"""waiting backdoor close response timeout!""",,,,,,,,,,,,
1116,,NONE,0,"""backdoor close command send fail!""",,,,,,,,,,,,
1117,,INT32,1,"""key position %d request! in car is 0 out car is 1""",,,,,,,,,,,,
1118,,NONE,0,"""welcome zone request!""",,,,,,,,,,,,
1119,,INT32,1,"""key position %d control! in car is 0 out car is 1""",,,,,,,,,,,,
1120,,NONE,0,"""welcome zone control!""",,,,,,,,,,,,
1121,,INT32,1,"""key position %d control fail! in car is 0 out car is 1""",,,,,,,,,,,,
1122,,NONE,0,"""welcome zone control fail!""",,,,,,,,,,,,
1123,,NONE,0,"""ble disconnect lock car request!""",,,,,,,,,,,,
1124,,NONE,0,"""ble zone lock car request""",,,,,,,,,,,,
1125,,NONE,0,"""ble zone unlock car request""",,,,,,,,,,,,
1126,,INT32,1,"""ble tag_id %d start calibrate""",,,,,,,,,,,,
1127,,INT32,2,"""ble tag_id %d end calibrate thr_val %d""",,,,,,,,,,,,
1128,,INT32,5,"""ble calibration param update tag_id %d val %d %d %d %d""",,,,,,,,,,,,
1129,,INT32,5,"""single ble location init tag_id %d thr_val %d %d %d %d""",,,,,,,,,,,,
1130,,STRING,1,"""mcu assertion failed at file %s""",,,,,,,,,,,,
1131,,INT32,1,"""mcu assertion failed at line %d""",,,,,,,,,,,,
,,,,,,,,,,,,,,,,
1324,,BYTES,16,"""VC chip uid:""",,,,,,,,,,,,
1325,,BYTES,20,"""VC uart recv error data: """,,,,,,,,,,,,
1326,,INT32,2,"""VC vehicle peps io ctrl channel: %d, action: %d""",,,,,,,,,,,,
1327,,INT32,2,""" VC vehicle ctrl cmd unsupported msg_id: 0x%x, func_id: 0x%x""",,,,,,,,,,,,
1328,,NONE,0,"""can id 0x3dc not recieve over 30s""",,,,,,,,,,,,
1329,,INT32,2,"""can id 0x3dc gear change from %d to %d""",,,,,,,,,,,,
1330,,INT32,2,"""halCanfd %d recieve queue overflow %d""",,,,,,,,,,,,
1331,,INT32,1,"""VC engine stop, clear gear pos. clear type: %d""",,,,,,,,,,,,
1332,,BYTES,,"""VC clear 6_fualt_info: """,,,,,,,,,,,,
1333,,BYTES,,"""VC clear 4_fualt_info: """,,,,,,,,,,,,
1334,,NONE,0,"""VC clear all fault info""",,,,,,,,,,,,
1336,,NONE,0,"""VC set NO_VIN""",,,,,,,,,,,,
1337,,BYTES,,"""VC get fault info: """,,,,,,,,,,,,
1338,,BYTES,,"""VC clear fault code: """,,,,,,,,,,,,
1339,,BYTES,6,"""VC vehicle-cloud get setting: """,,,,,,,,,,,,
1340,,BYTES,6,"""VC vehicle-cloud set setting: """,,,,,,,,,,,,
1341,,NONE,0,"""VC set anti approach vehicle wakeup flag""",,,,,,,,,,,,
1342,,NONE,0,"""VC clear anti approach vehicle wakeup flag""",,,,,,,,,,,,
1343,,NONE,0,"""VC trigger approach vehicle wakeup""",,,,,,,,,,,,
1344,,INT32,1,"""VC uart send data legth: %d""",,,,,,,,,,,,
1345,,INT32,1,"""VC vehicle event report tag_id: %d""",,,,,,,,,,,,
1346,,INT32,4,"""VC Boot Version %d.%d.%d-%d""",,,,,,,,,,,,
1347,,INT32,4,"""VC powerup version: %d.%d.%d-%d""",,,,,,,,,,,,
1348,,NONE,0,"""VC vin sts""",,,,,,,,,,,,
1349,,NONE,0,"""VC keybutton sts""",,,,,,,,,,,,
1350,,INT32,1,"""motion sensor get flash data failed: %d """,,,,,,,,,,,,
1351,,NONE,0,"""motion sensor get flash data succ""",,,,,,,,,,,,
1352,,NONE,0,"""motion sensor cal start""",,,,,,,,,,,,
1353,,INT32,3,"""motion sensor cal stop, x_avg: %d y_avg: %d z_avg: %d""",,,,,,,,,,,,
1354,,INT32,3,"""motion sensor set thr: %d %d %d""",,,,,,,,,,,,
1355,,INT32,1,"""motion sensor set range: %d""",,,,,,,,,,,,
1356,,INT32,1,"""motion sensor set sniff mode: %d"" ",,,,,,,,,,,,
1357,,INT32,6,"""motion sensor set reg thr: %d %d %d %d %d %d""",,,,,,,,,,,,
1358,,NONE,0,"""motion sensor cal num is 0""",,,,,,,,,,,,
1359,,INT32,1,"""motion sensor set power mode: %d"" ",,,,,,,,,,,,
1360,,INT32,1,"""motion sensor param flash write failed: %d""",,,,,,,,,,,,
1361,,INT32,3,"""motion sensor collision reason x_avg: %d, y_avg: %d, z_avg: %d""",,,,,,,,,,,,
1362,,NONE,0,"""motion sensor calibration timeout""",,,,,,,,,,,,
1363,,NONE,0,"""motion sensor thr set failed: invalid input""",,,,,,,,,,,,
1364,,NONE,0,"""motion sensor thr get failed: invalid input""",,,,,,,,,,,,
1365,,NONE,0,"""motion sensor get calibration param failed: invalid input""",,,,,,,,,,,,
1366,,NONE,0,"""motion sensor set calibration param failed: invalid input""",,,,,,,,,,,,
1367,,NONE,0,"""motion sensor reg thr set: invalid input""",,,,,,,,,,,,
1368,,INT32,1,"""motion sensor cal start failed, not in active mode, current mode: %d""",,,,,,,,,,,,
1369,,NONE,0,"""motion sensor get result failed: invalid input""",,,,,,,,,,,,
1370,,NONE,0,"""motion sensor get result failed: x  or y or z cnt is 0""",,,,,,,,,,,,
1371,,NONE,0,"""VC report task send msg param error!!!""",,,,,,,,,,,,
1372,,BYTES,10,"""VC report task send msg into queue fail: """,,,,,,,,,,,,
1373,,NONE,0,"""VC exit repair mode""",,,,,,,,,,,,
1374,,INT32,1,"""VC UART recv trans no %d repeat filter""",,,,,,,,,,,,
1375,,INT32,1,"""VC UART msg parsing fail: %d len: %d""",,,,,,,,,,,,
1376,,INT32,4,"""VC UART recv msg: trans no-%d id-0x%02x type-0x%02x len-%d""",,,,,,,,,,,,
1377,,STRING,1,"""VC power up VIN: %s""",,,,,,,,,,,,
1378,,STRING,1,"""VC sdk version: %s""",,,,,,,,,,,,
1379,,BYTES,2,"""VC vehicle alarm clear""",,,,,,,,,,,,
1380,,INT32,8,"""VC vcbox user config change, start zone: %d, peps zone: %d, trunk zone %d, peps en: %d, peps trunk en %d, kick en: %d, intelligence_en: %d, comfort_en: %d""",,,,,,,,,,,,
1381,,NONE,0,"""VC vcbox enter system sleep""",,,,,,,,,,,,
1382,,BYTES,2,"""VC vehicle alarm report""",,,,,,,,,,,,
1383,,BYTES,8,"""VC vehicle fault info""",,,,,,,,,,,,
1384,,BYTES,6,"""VC vehicle fault info""",,,,,,,,,,,,
1385,,BYTES,1,"""VC vehicle control  alarm query""",,,,,,,,,,,,
1386,,INT32,9,"""VC mcu power up vect_offset: 0x%02x power_flag: %d; RstSourceRegister: %08x; wkup pin %x; ce_evt: 0x%02x; chipcode 0x%04x version %d.%d.%d.%d.%d""",,,,,,,,,,,,
1387,,INT32,4,"""VC vcbox chipcode %04x version %d.%d.%d""",,,,,,,,,,,,
1388,,BYTES,4,"""VC vehicle setting report: """,,,,,,,,,,,,
1389,,NONE,0,"""VC vcbox key power off timer callback""",,,,,,,,,,,,
1390,,NONE,0,"""VC vcbox key power off timer start""",,,,,,,,,,,,
1391,,NONE,0,"""VC vcbox key power off timer stop""",,,,,,,,,,,,
1392,,INT32,2,"""VC vcbox receive ctl_en changed unlock zone %d, startup zone %d""",,,,,,,,,,,,
1393,,BYTES,23,"""VC vcbox setting restore default :""",,,,,,,,,,,,
1394,,STRING,1,"""VC vehicle VIN set %s""",,,,,,,,,,,,
1395,,BYTES,3,"""VC vehicle setting query: """,,,,,,,,,,,,
1396,,STRING,1,"""VC vehicle VIN report %s to ble""",,,,,,,,,,,,
1397,,STRING,1,"""VC vehicle VIN report %s""",,,,,,,,,,,,
1398,,NONE,0,"""VC vehicle status query: """,,,,,,,,,,,,
1399,,BYTES,55,"""VC vehicle status report: """,,,,,,,,,,,,
,,,,,,,,,,,,,,,,
1400,,INT32,4,"""VC vehicle recv central control lock/unlock id: 0x%02x; control: 0x%02x; result: 0x%02x reason 0x%02x""",,,,,,,,,,,,
1401,,INT32,6,"""VC vehicle recv car window cmd id: 0x%02x; mode(0:up; 1:down; 2:vent; 3:half; 4:single): 0x%02x; pos(1:lf; 2:rf; 3:lr; 4:rr):%d; opening: %d; result: 0x%02x reason 0x%02x""",,,,,,,,,,,,
1402,,INT32,4,"""VC vehicle recv sky window cmd id: 0x%02x; opening: %d; result: 0x%02x  reason 0x%02x""",,,,,,,,,,,,
1403,,INT32,4,"""VC vehicle recv rear hatch cover cmd id: 0x%02x; control: 0x%02x; result: 0x%02x  reason 0x%02x""",,,,,,,,,,,,
1404,,INT32,4,"""VC vehicle recv low beam cmd id: 0x%02x; control: 0x%02x; result: 0x%02x  reason 0x%02x""",,,,,,,,,,,,
1405,,INT32,4,"""VC vehicle recv whistle cmd id: 0x%02x; control: 0x%02x; result: 0x%02x  reason 0x%02x""",,,,,,,,,,,,
1406,,INT32,4,"""VC vehicle recv ess cmd id: 0x%02x; control: 0x%02x; result: 0x%02x  reason 0x%02x",,,,,,,,,,,,
1407,,INT32,4,"""VC vehicle recv position lamp cmd id: 0x%02x; control: 0x%02x; result: 0x%02x  reason 0x%02x""",,,,,,,,,,,,
1408,,INT32,4,"""VC vehicle recv back door cmd id: 0x%02x; control: 0x%02x; result: 0x%02x  reason 0x%02x""",,,,,,,,,,,,
1409,,INT32,4,"""VC vehicle recv wind speed cmd id: 0x%02x; level: 0x%02x; result: 0x%02x  reason 0x%02x"" ",,,,,,,,,,,,
1410,,INT32,4,"""VC vehicle recv front demisting cmd id: 0x%02x; control: 0x%02x; result: 0x%02x  reason 0x%02x""",,,,,,,,,,,,
1411,,INT32,4,"""VC vehicle recv rear demisting cmd id: 0x%02x; control: 0x%02x; result: 0x%02x  reason 0x%02x""",,,,,,,,,,,,
1412,,INT32,4,"""VC vehicle recv temperature auto cmd id: 0x%02x; temper: 0x%02x status: 0x%02x  reason 0x%02x""",,,,,,,,,,,,
1413,,INT32,4,"""VC vehicle recv temperature manual cmd id: %d; control: 0x%02x; result: 0x%02x  reason 0x%02x""",,,,,,,,,,,,
1414,,INT32,4,"""VC vehicle recv air loop cmd id: 0x%02x; mode(00：Internal；01:external): 0x%02x; result: 0x%02x  reason 0x%02x""",,,,,,,,,,,,
1415,,INT32,4,"""VC vehicle recv blowing cmd id: 0x%02x; mode(00:close; 01:face; 02:face/foot; 03:foot; 04:foot/defrost): 0x%02x result: 0x%02x  reason 0x%02x""",,,,,,,,,,,,
1416,,INT32,4,"""VC vehicle recv AC cmd id: 0x%02x; control: 0x%02x; result: 0x%02x  reason 0x%02x""",,,,,,,,,,,,
1417,,INT32,4,"""VC vehicle recv air purifier cmd id: %d; control: 0x%02x; result: 0x%02x  reason 0x%02x""",,,,,,,,,,,,
1418,,INT32,4,"""VC vehicle recv air condition cmd id: %d; control: 0x%02x; result: 0x%02x  reason 0x%02x""",,,,,,,,,,,,
1419,,INT32,5,"""VC vehicle recv engine cmd id: 0x%02x; control: 0x%02x; duration(min): %d; result: 0x%02x  reason 0x%02x""",,,,,,,,,,,,
1420,,INT32,4,"""VC vehicle recv one click find car cmd id: 0x%02x; control: 0x%02x; result: 0x%02x  reason 0x%02x""",,,,,,,,,,,,
1421,,INT32,4,"""VC vehicle recv front_left seat heat cmd id: 0x%02x; level: 0x%02x; result: 0x%02x  reason 0x%02x""",,,,,,,,,,,,
1422,,INT32,4,"""VC vehicle recv front_left seat vent cmd id: 0x%02x; level: 0x%02x; result: 0x%02x  reason 0x%02x""",,,,,,,,,,,,
1423,,INT32,4,"""VC vehicle recv front_right seat heat cmd id: 0x%02x; level: 0x%02x; result: 0x%02x  reason 0x%02x""",,,,,,,,,,,,
1424,,INT32,4,"""VC vehicle recv front_right seat vent cmd id: 0x%02x; level: 0x%02x; result: 0x%02x  reason 0x%02x""",,,,,,,,,,,,
1425,,INT32,4,"""VC vehicle recv back_left seat heat cmd id: 0x%02x; level: 0x%02x; result: 0x%02x  reason 0x%02x""",,,,,,,,,,,,
1426,,INT32,4,"""VC vehicle recv back_left seat vent cmd id: 0x%02x; level: 0x%02x; result: 0x%02x  reason 0x%02x""",,,,,,,,,,,,
1427,,INT32,4,"""VC vehicle recv back_right seat heat cmd id: 0x%02x; level: 0x%02x; result: 0x%02x  reason 0x%02x""",,,,,,,,,,,,
1428,,INT32,4,"""VC vehicle recv back_right seat vent cmd id: 0x%02x; level: 0x%02x; result: 0x%02x  reason 0x%02x""",,,,,,,,,,,,
1429,,INT32,4,"""VC vehicle recv seat memory cmd id: 0x%02x; control: 0x%02x; result: 0x%02x  reason 0x%02x""",,,,,,,,,,,,
1430,,INT32,4,"""VC vehicle recv all seat heat cmd id: 0x%02x; control mode(00:one click close; 01:single control): 0x%02x; pos_level1(front left/right):0x%02x; pos_level2(rear left/right):0x%02x; result: 0x%02x  reason 0x%02x""",,,,,,,,,,,,
1431,,INT32,4,"""VC vehicle recv all seat vent cmd id: 0x%02x; control mode(00:one click close; 01:single control): 0x%02x; pos_level1(front left/right):0x%02x; pos_level2(rear left/right):0x%02x; result: 0x%02x  reason 0x%02x"" ",,,,,,,,,,,,
1432,,INT32,4,"""VC vehicle recv left slide door cmd id: 0x%02x; control: 0x%02x; result: 0x%02x  reason 0x%02x""",,,,,,,,,,,,
1433,,INT32,4,"""VC vehicle recv right slide door cmd id: 0x%02x; control: 0x%02x; result: 0x%02x  reason 0x%02x""",,,,,,,,,,,,
1434,,INT32,4,"""VC vehicle recv charging gun cmd id: 0x%02x; control: 0x%02x; result: 0x%02x  reason 0x%02x""",,,,,,,,,,,,
1435,,INT32,4,"""VC vehicle recv power cmd id: 0x%02x; control: 0x%02x; result: 0x%02x  reason 0x%02x""",,,,,,,,,,,,
1436,,INT32,4,"""VC vehicle recv remote parking cmd id: 0x%02x; control: 0x%02x; result: 0x%02x  reason 0x%02x""",,,,,,,,,,,,
1437,,INT32,4,"""VC vehicle recv memory parking cmd id: 0x%02x; control: 0x%02x; result: 0x%02x  reason 0x%02x""",,,,,,,,,,,,
1438,,INT32,4,"""VC vehicle recv passive entry cmd id: 0x%02x; control: 0x%02x; result: 0x%02x  reason 0x%02x""",,,,,,,,,,,,
1439,,INT32,4,"""VC vehicle recv psssive entry distance cmd id: 0x%02x; distance: 0x%02x; result: 0x%02x  reason 0x%02x""",,,,,,,,,,,,
1440,,INT32,4,"""VC vehicle recv  entry ele_insp cmd id: 0x%02x ctl_type: 0x%02x status: 0x%02x  reason 0x%02x""",,,,,,,,,,,,
1441,,INT32,4,"""VC vehicle recv ele_insp lock/unlock cmd id: 0x%02x ctl_type: 0x%02x status: 0x%02x  reason 0x%02x""",,,,,,,,,,,,
1442,,INT32,4,"""VC vehicle recv ele_insp engin cmd id: 0x%02x ctl_type: 0x%02x status: 0x%02x  reason 0x%02x""",,,,,,,,,,,,
1443,,INT32,4,"""VC vehicle recv  lock auto window lift cmd id: 0x%02x; control: 0x%02x; result: 0x%02x  reason 0x%02x""",,,,,,,,,,,,
1444,,INT32,4,"""VC vehicle recv  peps en cmd id: 0x%02x; control: 0x%02x; result: 0x%02x  reason 0x%02x""",,,,,,,,,,,,
1445,,INT32,4,"""VC vehicle recv  radar kick en cmd id: 0x%02x; control: 0x%02x; result: 0x%02x  reason 0x%02x""",,,,,,,,,,,,
1446,,INT32,4,"""VC vehicle recv  anti_theft en cmd id: 0x%02x; control: 0x%02x; result: 0x%02x  reason 0x%02x""",,,,,,,,,,,,
1447,,INT32,4,"""VC vehicle recv  repair mode cmd id: 0x%02x; control: 0x%02x; result: 0x%02x  reason 0x%02x""",,,,,,,,,,,,
1448,,INT32,4,"""VC vehicle recv  exhibition mode cmd id: 0x%02x; control: 0x%02x; result: 0x%02x  reason 0x%02x""",,,,,,,,,,,,
1449,,INT32,4,"""VC vehicle recv  steering wheel heat cmd id: 0x%02x; level: 0x%02x; result: 0x%02x  reason 0x%02x""",,,,,,,,,,,,
1450,,INT32,4,"""VC vehicle recv  sky window curtain cmd id: 0x%02x; opening: %d; result: 0x%02x  reason 0x%02x""",,,,,,,,,,,,
1451,,INT32,4,"""VC vehicle recv  car type cmd id: 0x%02x; car_type: 0x%02x; status: 0x%02x;  reason 0x%02x""",,,,,,,,,,,,
1452,,INT32,4,"""VC vehicle recv  one click hot car cmd id: 0x%02x; control(00:cold; 01: hot): 0x%02x; temper:0x%02x; duration:%d; result: 0x%02x  reason 0x%02x""",,,,,,,,,,,,
1453,,INT32,4,"""VC vehicle recv  car control mode cmd id: 0x%02x; control(00:normal; 01: strict): 0x%02x; result: 0x%02x  reason 0x%02x""",,,,,,,,,,,,
1454,,INT32,4,"""VC vehicle recv  anti play mode cmd id: 0x%02x; control: 0x%02x; result: 0x%02x  reason 0x%02x""",,,,,,,,,,,,
1455,,INT32,4,"""VC vehicle recv whistle when lock car en cmd id: 0x%02x; control: 0x%02x; result: 0x%02x  reason 0x%02x""",,,,,,,,,,,,
1456,,INT32,4,"""VC vehicle recv key power on keep time set cmd id: 0x%02x; keep_time: 0x%02x; result: 0x%02x  reason 0x%02x""",,,,,,,,,,,,
1457,,INT32,4,"""VC vehicle recv alarm clear cmd id: 0x%02x; clear_alarm: 0x%02x; result: 0x%02x  reason 0x%02x""",,,,,,,,,,,,
1458,,INT32,4,"""VC vehicle recv ele_insp trunk cmd id: 0x%02x ctl_type: 0x%02x status: 0x%02x  reason 0x%02x""",,,,,,,,,,,,
1459,,INT32,4,"""VC vehicle recv low power alarm thr val set cmd id: 0x%02x ctl_type: 0x%02x status: 0x%02x  reason 0x%02x""",,,,,,,,,,,,
1460,,INT32,4,"""VC vehicle recv trunk control mode set cmd id: 0x%02x ctl_type: 0x%02x status: 0x%02x  reason 0x%02x""",,,,,,,,,,,,
1461,,INT32,4,"""VC vehicle recv vehicle diagnosis cmd id: 0x%02x ctl_type: 0x%02x status: 0x%02x  reason 0x%02x""",,,,,,,,,,,,
1462,,INT32,4,"""VC vehicle recv find car  mode set cmd id: 0x%02x ctl_type: 0x%02x status: 0x%02x  reason 0x%02x""",,,,,,,,,,,,
1463,,INT32,5,"""VC vehicle recv fault code clear, cmd id: 0x%02x, mode: %d, type: %d, status: 0x%02x reason 0x%02x""",,,,,,,,,,,,
,,,,,,,,,,,,,,,,
1500,,INT32,4,"""VC vehicle exec central control lock/unlock cmd id: 0x%02x; control: 0x%02x; result: 0x%02x reason 0x%02x""",,,,,,,,,,,,
1501,,INT32,6,"""VC vehicle exec car window cmd id: 0x%02x; mode(0:up; 1:down; 2:vent; 3:half; 4:singlel): 0x%02x; pos(1:lf; 2:rf; 3:lr; 4:rr):0x%02x; opening: %d; result: 0x%02x reason 0x%02x""",,,,,,,,,,,,
1502,,INT32,4,"""VC vehicle exec sky window cmd id: 0x%02x; opening: %d; result: 0x%02x  reason 0x%02x""",,,,,,,,,,,,
1503,,INT32,4,"""VC vehicle exec rear hatch cover cmd id: 0x%02x; control: 0x%02x; result: 0x%02x  reason 0x%02x""",,,,,,,,,,,,
1504,,INT32,4,"""VC vehicle exec low beam cmd id: 0x%02x; control: 0x%02x; result: 0x%02x  reason 0x%02x""",,,,,,,,,,,,
1505,,INT32,4,"""VC vehicle exec whistle cmd id: 0x%02x; control: 0x%02x; result: 0x%02x  reason 0x%02x""",,,,,,,,,,,,
1506,,INT32,4,"""VC vehicle exec ess cmd id: 0x%02x; control: 0x%02x; result: 0x%02x  reason 0x%02x",,,,,,,,,,,,
1507,,INT32,4,"""VC vehicle exec position lamp cmd id: 0x%02x; control: 0x%02x; result: 0x%02x  reason 0x%02x""",,,,,,,,,,,,
1508,,INT32,4,"""VC vehicle exec back door cmd id: 0x%02x; control: 0x%02x; result: 0x%02x  reason 0x%02x""",,,,,,,,,,,,
1509,,INT32,4,"""VC vehicle exec wind speed cmd id: 0x%02x; level: 0x%02x; result: 0x%02x  reason 0x%02x"" ",,,,,,,,,,,,
1510,,INT32,4,"""VC vehicle exec front demisting cmd id: 0x%02x; control: 0x%02x; result: 0x%02x  reason0x%02x""",,,,,,,,,,,,
1511,,INT32,4,"""VC vehicle exec rear demisting cmd id: 0x%02x; control: 0x%02x; result: 0x%02x  reason 0x%02x""",,,,,,,,,,,,
1512,,INT32,4,"""VC vehicle exec temperature auto cmd id: 0x%02x; temper: 0x%02x status: 0x%02x  reason 0x%02x""",,,,,,,,,,,,
1513,,INT32,4,"""VC vehicle exec temperature manual cmd id: %d; control: 0x%02x; result: 0x%02x  reason 0x%02x""",,,,,,,,,,,,
1514,,INT32,4,"""VC vehicle exec air loop cmd id: 0x%02x; mode(00:in；01:out): 0x%02x; result: 0x%02x  reason 0x%02x""",,,,,,,,,,,,
1515,,INT32,4,"""VC vehicle exec blowing cmd id: 0x%02x; mode(00:close; 01:face; 02:face/foot; 03:foot; 04:foot/defrost): 0x%02x result: 0x%02x  reason 0x%02x""",,,,,,,,,,,,
1516,,INT32,4,"""VC vehicle exec AC cmd id: 0x%02x; control: 0x%02x; result: 0x%02x  reason 0x%02x""",,,,,,,,,,,,
1517,,INT32,4,"""VC vehicle exec air purifier cmd id: %d; control: 0x%02x; result: 0x%02x  reason 0x%02x""",,,,,,,,,,,,
1518,,INT32,4,"""VC vehicle exec air condition cmd id: %d; control: 0x%02x; result: 0x%02x  reason 0x%02x""",,,,,,,,,,,,
1519,,INT32,5,"""VC vehicle exec engine cmd id: 0x%02x; control: 0x%02x; duration(min): %d; result: 0x%02x  reason 0x%02x""",,,,,,,,,,,,
1520,,INT32,4,"""VC vehicle exec one click find car cmd id: 0x%02x; control: 0x%02x; result: 0x%02x  reason 0x%02x""",,,,,,,,,,,,
1521,,INT32,4,"""VC vehicle exec front_left seat heat cmd id: 0x%02x; level: 0x%02x; result: 0x%02x  reason 0x%02x""",,,,,,,,,,,,
1522,,INT32,4,"""VC vehicle exec front_left seat vent cmd  id: 0x%02x; level: 0x%02x; result: 0x%02x  reason 0x%02x""",,,,,,,,,,,,
1523,,INT32,4,"""VC vehicle exec front_right seat heat cmd  id: 0x%02x; level: 0x%02x; result: 0x%02x  reason 0x%02x""",,,,,,,,,,,,
1524,,INT32,4,"""VC vehicle exec front_right seat vent cmd  id: 0x%02x; level: 0x%02x; result: 0x%02x  reason 0x%02x""",,,,,,,,,,,,
1525,,INT32,4,"""VC vehicle exec back_left seat heat cmd id: 0x%02x; level: 0x%02x; result: 0x%02x  reason 0x%02x""",,,,,,,,,,,,
1526,,INT32,4,"""VC vehicle exec back_left seat vent cmd id: 0x%02x ctl_type: 0x%02x status: 0x%02x  reason 0x%02x""",,,,,,,,,,,,
1527,,INT32,4,"""VC vehicle exec back_right seat heat cmd id: 0x%02x ctl_type: 0x%02x status: 0x%02x  reason 0x%02x""",,,,,,,,,,,,
1528,,INT32,4,"""VC vehicle exec back_right seat vent cmd id: 0x%02x ctl_type: 0x%02x status: 0x%02x  reason 0x%02x""",,,,,,,,,,,,
1529,,INT32,4,"""VC vehicle exec seat memory cmd id: 0x%02x; control: 0x%02x; result: 0x%02x  reason 0x%02x""",,,,,,,,,,,,
1530,,INT32,4,"""VC vehicle exec all seat heat cmd id: 0x%02x; control mode(00:one click close; 01:single control): 0x%02x; pos_level1(front left/right):0x%02x; pos_level2(rear left/right):0x%02x; result: 0x%02x  reason 0x%02x""",,,,,,,,,,,,
1531,,INT32,4,"""VC vehicle exec all seat vent cmd id: 0x%02x; control mode(00:one click close; 01:single control): 0x%02x; pos_level1(front left/right):0x%02x; pos_level2(rear left/right):0x%02x; result: 0x%02x  reason 0x%02x"" ",,,,,,,,,,,,
1532,,INT32,4,"""VC vehicle exec left slide door cmd id: 0x%02x; control: 0x%02x; result: 0x%02x  reason 0x%02x""",,,,,,,,,,,,
1533,,INT32,4,"""VC vehicle exec right slide door cmd id: 0x%02x; control: 0x%02x; result: 0x%02x reason 0x%02x""",,,,,,,,,,,,
1534,,INT32,4,"""VC vehicle exec charging gun cmd id: 0x%02x; control: 0x%02x; result: 0x%02x  reason 0x%02x""",,,,,,,,,,,,
1535,,INT32,4,"""VC vehicle exec power cmd id: 0x%02x; control: 0x%02x; result: 0x%02x  reason 0x%02x""",,,,,,,,,,,,
1536,,INT32,4,"""VC vehicle exec remote parking cmd id: 0x%02x; control: 0x%02x; result: 0x%02x  reason 0x%02x""",,,,,,,,,,,,
1537,,INT32,4,"""VC vehicle exec memory parking cmd id: 0x%02x; control: 0x%02x; result: 0x%02x  reason 0x%02x""",,,,,,,,,,,,
1538,,INT32,4,"""VC vehicle exec passive entry cmd id: 0x%02x; control: 0x%02x; result: 0x%02x  reason 0x%02x""",,,,,,,,,,,,
1539,,INT32,4,"""VC vehicle exec psssive entry entry distance cmd id: 0x%02x; distance: 0x%02x; result: %02  reason 0x%02x""",,,,,,,,,,,,
1540,,INT32,4,"""VC vehicle exec  entry ele_insp cmd id: 0x%02x ctl_type: 0x%02x status: 0x%02x  reason 0x%02x""",,,,,,,,,,,,
1541,,INT32,4,"""VC vehicle exec ele_insp lock/unlock cmd id: 0x%02x ctl_type: 0x%02x status: 0x%02x  reason 0x%02x""",,,,,,,,,,,,
1542,,INT32,4,"""VC vehicle exec ele_insp engin cmd id: 0x%02x ctl_type: 0x%02x status: 0x%02x  reason 0x%02x""",,,,,,,,,,,,
1543,,INT32,4,"""VC vehicle exec  lock auto window lift cmd id: 0x%02x; control: 0x%02x; result: 0x%02x  reason 0x%02x""",,,,,,,,,,,,
1544,,INT32,4,"""VC vehicle exec  peps en cmd id: 0x%02x; control: 0x%02x; result: 0x%02x  reason 0x%02x""",,,,,,,,,,,,
1545,,INT32,4,"""VC vehicle exec  radar kick en cmd id: 0x%02x; control: 0x%02x; result: 0x%02x  reason 0x%02x""",,,,,,,,,,,,
1546,,INT32,4,"""VC vehicle exec  anti_theft en cmd id: 0x%02x; control: 0x%02x; result: 0x%02x  reason 0x%02x""",,,,,,,,,,,,
1547,,INT32,4,"""VC vehicle exec  repair mode cmd id: 0x%02x; control: 0x%02x; result: 0x%02x  reason 0x%02x""",,,,,,,,,,,,
1548,,INT32,4,"""VC vehicle exec  exhibition mode cmd id: 0x%02x; control: 0x%02x; result: 0x%02x  reason 0x%02x""",,,,,,,,,,,,
1549,,INT32,4,"""VC vehicle exec  steering wheel heat cmd id: 0x%02x; level: 0x%02x; result: 0x%02x  reason 0x%02x""",,,,,,,,,,,,
1550,,INT32,4,"""VC vehicle exec  sky window curtain cmd id: 0x%02x; opening: %d; result: 0x%02x  reason 0x%02x""",,,,,,,,,,,,
1551,,INT32,4,"""VC vehicle exec  car type cmd car_type id: 0x%02x car_type: 0x%02x status: 0x%02x  reason 0x%02x""",,,,,,,,,,,,
1552,,INT32,4,"""VC vehicle exec  one click hot car cmd id: 0x%02x; control(00:cold; 01: hot): 0x%02x; temper:0x%02x; duration:%d; result: 0x%02x  reason 0x%02x""",,,,,,,,,,,,
1553,,INT32,4,"""VC vehicle exec  car control mode cmd id: 0x%02x; control(00:normal; 01: strict): 0x%02x; result: 0x%02x  reason 0x%02x""",,,,,,,,,,,,
1554,,INT32,4,"""VC vehicle exec  anti play mode cmd id: 0x%02x; control: 0x%02x; result: 0x%02x  reason 0x%02x""",,,,,,,,,,,,
1555,,INT32,4,"""VC vehicle exec  whistle when lock car en cmd id: 0x%02x; control: 0x%02x; result: 0x%02x  reason 0x%02x""",,,,,,,,,,,,
1556,,INT32,4,"""VC vehicle exec  key power on keep time set cmd id: 0x%02x; keep_time: 0x%02x; result: 0x%02x  reason 0x%02x""",,,,,,,,,,,,
1557,,INT32,4,"""VC vehicle exec  alarm clear cmd id: 0x%02x; clear_alarm: 0x%02x; result: 0x%02x  reason 0x%02x""",,,,,,,,,,,,
1558,,INT32,4,"""VC vehicle ele_insp trunk cmd id: 0x%02x ctl_type: 0x%02x status: 0x%02x  reason 0x%02x""",,,,,,,,,,,,
1559,,INT32,4,"""VC vehicle exec low power alarm thr val set cmd id: 0x%02x ctl_type: 0x%02x status: 0x%02x  reason 0x%02x""",,,,,,,,,,,,
1560,,INT32,4,"""VC vehicle exec trunk control mode set cmd id: 0x%02x ctl_type: 0x%02x status: 0x%02x  reason 0x%02x""",,,,,,,,,,,,
1561,,INT32,4,"""VC vehicle exec vehicle diagnosis cmd id: 0x%02x ctl_type: 0x%02x status: 0x%02x  reason 0x%02x""",,,,,,,,,,,,
1562,,INT32,4,"""VC vehicle exec find car mode set cmd id: 0x%02x ctl_type: 0x%02x status: 0x%02x  reason 0x%02x""",,,,,,,,,,,,
1563,,INT32,5,"""VC vehicle recv fault code clear, cmd id: 0x%02x, mode: %d, type: %d, status: 0x%02x reason 0x%02x""",,,,,,,,,,,,
,,,,,,,,,,,,,,,,
1601,,NONE,0,"""VC vehicle warning trunk is open""",,,,,,,,,,,,
1602,,NONE,0,"""VC vehicle warning low battery""",,,,,,,,,,,,
1603,,INT32,1,"""VC vehicle warning cmd unrealized func_id: 0x%02x""",,,,,,,,,,,,
1604,,INT32,1,"""VC vehicle warning cmd send execute error func_id: 0x%02x""",,,,,,,,,,,,
1605,,NONE,0,"""VC vehicle warning key previous power on""",,,,,,,,,,,,
1606,,NONE,0,"""VC vehicle warning key delay power off""",,,,,,,,,,,,
1607,,NONE,0,"""VC vehicle warning key delay power off start""",,,,,,,,,,,,
1608,,NONE,0,"""VC vehicle warning key delay power off timer stop""",,,,,,,,,,,,
1609,,NONE,0,"""VC vehicle warning key delay power off but back door is open """,,,,,,,,,,,,
1610,,INT32,1,"""VC refactory %d result %d""",,,,,,,,,,,,
1611,,NONE,0,"""VC reset""",,,,,,,,,,,,
1612,,INT32,2,"""VC vehicle receive cmd func_id: 0x%02x param num: %d; need num:%d""",,,,,,,,,,,,
1613,,INT32,1,"""VC vehicle in anti-play mode, control(00: lock; 01: unlock): 0x%02x unwork""",,,,,,,,,,,,
1614,,INT32,2,"""VCBOX WDG check wait_cnt: %d; evt_task: 0x%0x""",,,,,,,,,,,,
1615,,NONE,0,"""VC wait vehicle ctrl result timeout""",,,,,,,,,,,,
1616,,NONE,0,"""VC key power off""",,,,,,,,,,,,
1617,,NONE,0,"""VC key power on""",,,,,,,,,,,,
1618,,NONE,0,"""VC key power off direct""",,,,,,,,,,,,
1619,,NONE,0,"""VC key power on for repair mode set""",,,,,,,,,,,,
1620,,NONE,0,"""VC key power on for enter start zone in strict mode""",,,,,,,,,,,,
1621,,NONE,0,"""VC key power on for enter trunk zone in normal mode""",,,,,,,,,,,,
1622,,NONE,0,"""VC key power off for exit startup zone in strict mode""",,,,,,,,,,,,
1623,,NONE,0,"""VC key power off for exit trunk zone in normal mode""",,,,,,,,,,,,
1624,,INT32,2,"""VC canfd %d send fail error code is %d""",,,,,,,,,,,,
1625,,INT32,2,VC canfd 6 rx to failed canid 0x%x msg len %d,,,,,,,,,,,,
1626,,NONE,0,VC canfd 6 rx to success status,,,,,,,,,,,,
1627,,INT32,2,VC canfd 7 rx to failed canid 0x%x msg len %d,,,,,,,,,,,,
1628,,NONE,0,VC canfd 7 rx to success status,,,,,,,,,,,,
1629,,INT32,2,VC canfd 8 rx to failed canid 0x%x msg len %d,,,,,,,,,,,,
1630,,NONE,0,VC canfd 8 rx to success status,,,,,,,,,,,,
1631,,INT32,2,VC canfd 9 rx to failed canid 0x%x msg len %d,,,,,,,,,,,,
1632,,NONE,0,VC canfd 9 rx to success status,,,,,,,,,,,,
1633,,NONE,0,VC canfd 6 buf off,,,,,,,,,,,,
1634,,NONE,0,VC canfd 7 buf off,,,,,,,,,,,,
1635,,NONE,0,VC canfd 8 buf off,,,,,,,,,,,,
1636,,NONE,0,VC canfd 9 buf off,,,,,,,,,,,,
1637,,INT32,2,VC canfd %d send time %d,,,,,,,,,,,,
1638,,INT32,1,"""VC canfd %d start fail""",,,,,,,,,,,,
1639,,INT32,1,"""VC anti play mode is active %d""",,,,,,,,,,,,
1640,,INT32,1,"""VC anti play add count %d""",,,,,,,,,,,,
1641,,INT32,1,"""VC anti play sub count %d""",,,,,,,,,,,,
1642,,INT32,1,"""VC anti play reset count %d""",,,,,,,,,,,,
,,,,,,,,,,,,,,,,
1650,,NONE,0,"""VC vehicle control peps lock""",,,,,,,,,,,,
1651,,NONE,0,"""VC vehicle control peps unlock""",,,,,,,,,,,,
1652,,NONE,0,"""VC vehicle control peps unlock not in right zone""",,,,,,,,,,,,
1653,,NONE,0,"""VC vehicle control radar kick lock""",,,,,,,,,,,,
1654,,NONE,0,"""VC vehicle control radarr kick unlock""",,,,,,,,,,,,
1655,,NONE,0,"""VC vehicle control radar kick unlock not in right zone""",,,,,,,,,,,,
1656,,NONE,0,"""VC vehicle control shutdown countdown end""",,,,,,,,,,,,
1657,,NONE,0,"""VC vehicle control engine stop due to shutdown countdown""",,,,,,,,,,,,
1658,,NONE,0,"""VC vehicle control engine start""",,,,,,,,,,,,
1659,,NONE,0,"""VC vehicle control engine stop""",,,,,,,,,,,,
1660,,NONE,0,"""VC vehicle control engine stop due to gear shifting""",,,,,,,,,,,,
1661,,NONE,0,"""VC vehicle control peps lock up window""",,,,,,,,,,,,
1662,,NONE,0,"""VC vehicle control open trunk""",,,,,,,,,,,,
1663,,NONE,0,"""VC vehicle control peps close trunk""",,,,,,,,,,,,
1664,,NONE,0,"""VC vehicle control canfd direct send error""",,,,,,,,,,,,
1665,,INT32,2,"""VC vehical check peps enable fail, zone: %d, peps_en: %d""",,,,,,,,,,,,
1666,,INT32,1,"""VC vehical peps anti retry, control(00: unlock; 01: lock):0x%02x""",,,,,,,,,,,,
1667,,INT32,1,"""VC vehical smart lock/unlock anti retry, control(00: unlock; 01: lock):0x%02x""",,,,,,,,,,,,
1668,,INT32,1,"""VC vehicle peps trunk check fail, zone: %d""",,,,,,,,,,,,
1669,,INT32,2,"""VC vehicle kick trunk check fail, zone: %d, kick_en: %d""",,,,,,,,,,,,
1670,,NONE,0,"""VC vehicle auto lock lift window""",,,,,,,,,,,,
1671,,INT32,2,"""VC vehcle in comfort mode lock/unlock unwork, id: 0x%02x; control: 0x%02x""",,,,,,,,,,,,
1672,,INT32,2,"""VC vehical smart unlock/lock enable fail, zone: %d, intel_en: %d""",,,,,,,,,,,,
1673,,NONE,0,"""VC cmd exec rsp send erros""",,,,,,,,,,,,
1674,,NONE,0,"""VC cmd recv rsp send erros""",,,,,,,,,,,,
1675,,INT32,2,"""VC cmd is busy id %d func_id 0x%x""",,,,,,,,,,,,
1676,,NONE,0,"""VC vechiel cmd running in busy sts timeout""",,,,,,,,,,,,
1677,,NONE,0,"""VC NRST""",,,,,,,,,,,,
1678,,INT32,2,"""VC save data check fail crc 0x%x, org_crc 0x%x""",,,,,,,,,,,,
1679,,INT32,1,"""VC vehicle control cmd param error, func_id: 0x%x""",,,,,,,,,,,,
1680,,BYTES,1,"""VC motion sensor data report:""",,,,,,,,,,,,
1681,,INT32,1,"""VC vehicle send event fail: %d""",,,,,,,,,,,,
1682,,BYTES,55,"""VC vehicle sts check error: """,,,,,,,,,,,,
1683,,INT32,1,"""VC vehicle sts check error: 0x%08x""",,,,,,,,,,,,
1684,,INT32,4,"""VC uart msg len error. id: 0x%02x, msg_type: 0x%02x, len: %d, msg_len: %d""",,,,,,,,,,,,
,,,,,,,,,,,,,,,,
1700,,NONE,0,"""VCBOX OTA start""",,,,,,,,,,,,
1701,,INT32,1,"""VCBOX  OTA get bank %d""",,,,,,,,,,,,
1702,,INT32,0,"""VCBOX OTA check image_header  fail %d""",,,,,,,,,,,,
1703,,INT32,1,"""VCBOX OTA verify fail %d""",,,,,,,,,,,,
1704,,INT32,1,"""VCBOX OTA clear data fail %d""",,,,,,,,,,,,
1705,,INT32,1,"""VCBOX OTA erase data fail %d""",,,,,,,,,,,,
1706,,INT32,1,"""VCBOX OTA illegal state %d""",,,,,,,,,,,,
1707,,INT32,1,"""VCBOX OTA write 16N data fail %d""",,,,,,,,,,,,
1708,,INT32,1,"""VCBOX OTA invalid image %d""",,,,,,,,,,,,
1709,,INT32,1,"""VCBOX OTA switch boot image fail %d""",,,,,,,,,,,,
1710,,INT32,1,"""VCBOX OTA error addr %d""",,,,,,,,,,,,
1711,,INT32,1,"""VCBOX OTA same image %d""",,,,,,,,,,,,
1712,,INT32,1,"""VCBOX OTA bad header data len %d""",,,,,,,,,,,,
1713,,INT32,1,"""VCBOX OTA bad data len %d""",,,,,,,,,,,,
1714,,NONE,0,"""VCBOX OTA suc""",,,,,,,,,,,,
,,,,,,,,,,,,,,,,
1800,,NONE,0,"""VCC power on!""",,,,,,,,,,,,
1801,,NONE,0,"""VCC power off!""",,,,,,,,,,,,
1802,,NONE,0,"""VCC driving on""",,,,,,,,,,,,
1803,,NONE,0,"""VCC driving off""",,,,,,,,,,,,
1804,,NONE,0,"""VCC peps unlock is not zone""",,,,,,,,,,,,
1805,,NONE,0,"""VCC radar kick unlock""",,,,,,,,,,,,
1806,,NONE,0,"""VCC radar kick lock""",,,,,,,,,,,,
1807,,NONE,0,"""VCC peps lock""",,,,,,,,,,,,
1808,,NONE,0,"""VCC peps unlock""",,,,,,,,,,,,
1809,,NONE,0,"""VCC peps open trunk""",,,,,,,,,,,,
1810,,NONE,0,"""VCC peps close trunk""",,,,,,,,,,,,
1811,,NONE,0,"""VCC gear shift engine stop""",,,,,,,,,,,,
1812,,NONE,0,"""VCC engine stop""",,,,,,,,,,,,
1813,,NONE,0,"""VCC engine start""",,,,,,,,,,,,
1814,,NONE,0,"""VCC CANFD direct send error""",,,,,,,,,,,,
1815,,NONE,0,"""VCC timer en init error peps""",,,,,,,,,,,,
1816,,NONE,0,"""VCC timer en init error foot""",,,,,,,,,,,,
1817,,NONE,0,"""VCC LIN init error""",,,,,,,,,,,,
1818,,NONE,0,"""VCC volt low alarm""",,,,,,,,,,,,
1819,,NONE,0,"""VCC volt low alarm reset""",,,,,,,,,,,,
1820,,NONE,0,"""VCC enter alarm""",,,,,,,,,,,,
1821,,NONE,0,"""VCC enter alarm reset""",,,,,,,,,,,,
1822,,NONE,0,"""VCC not open peps""",,,,,,,,,,,,
1823,,NONE,0,"""VCC logic send error""",,,,,,,,,,,,
1824,,NONE,0,"""VCC key power on iwdg reset""",,,,,,,,,,,,
1825,,NONE,0,"""VCC remode timeout stop fun""",,,,,,,,,,,,
1826,,NONE,0,"""VCC remode timeout stop exit""",,,,,,,,,,,,
1827,,NONE,0,"""VCC remode gear stop exit""",,,,,,,,,,,,
1828,,NONE,0,"""VCC task start""",,,,,,,,,,,,
1829,,NONE,0,"""VCC task end""",,,,,,,,,,,,
1830,,NONE,0,"""VCC brake on""",,,,,,,,,,,,
1831,,NONE,0,"""VCC brake off""",,,,,,,,,,,,
1832,,NONE,0,"""VCC start on""",,,,,,,,,,,,
1833,,NONE,0,"""VCC start off""",,,,,,,,,,,,
1834,,NONE,0,"""VCC can send data""",,,,,,,,,,,,
1835,,NONE,0,"""VCC unlock on""",,,,,,,,,,,,
1836,,NONE,0,"""VCC unlock off""",,,,,,,,,,,,
1837,,NONE,0,"""VCC lock on""",,,,,,,,,,,,
1838,,NONE,0,"""VCC lock off""",,,,,,,,,,,,
1839,,NONE,0,"""VCC div zero""",,,,,,,,,,,,
1840,,INT32,1,"""VCC PEPS count: %d""",,,,,,,,,,,,
1841,,INT32,1,"""PEPS filter count: %d""",,,,,,,,,,,,
1842,,NONE,0,"""vc oil data""",,,,,,,,,,,,
1843,,NONE,0,"""vc alarm can data""",,,,,,,,,,,,
1844,,NONE,0,"""vc can gear data""",,,,,,,,,,,,
1845,,NONE,0,"""vc can car type data""",,,,,,,,,,,,
1846,,NONE,0,"""vc can default data""",,,,,,,,,,,,
,,,,,,,,,,,,,,,,
1900,,INT32,8,"""VC reg1 %08x %08x %08x %08x %08x %08x %08x %08x""",,,,,,,,,,,,
1901,,INT32,5,"""VC reg2 %08x %08x %08x %08x %08x""",,,,,,,,,,,,
1902,,INT32,8,"""VC Int Fault data msp %08x %08x %08x; psp %08x %08x %08x; lr: %08x; sp %08x""",,,,,,,,,,,,
1903,,INT32,8,"""VC Int Fault data other %08x %08x %08x %08x %08x %08x %08x %08x""",,,,,,,,,,,,
1904,,INT32,8,"""VC Int Fault data other %08x %08x %08x %08x %08x %08x %08x %08x""",,,,,,,,,,,,
1905,,INT32,8,"""VC task init info: uart %08x; hal %08x; canfd %08x; ota %08x; log %08x; logic %08x; vehicle %08x; report %08x""",,,,,,,,,,,,
1906,,INT32,7,"""VC Int Fault data other %08x %08x %08x %08x %08x %08x %08x""",,,,,,,,,,,,
,,,,,,,,,,,,,,,,
2000,,INT32,2,"""ble connection %d bond id: %d established !""",,,,,,,,,,,,
2001,,BYTES,6,"""ble connected peer is:""",,,,,,,,,,,,
2002,,INT32,1,"""ble peer bonded result is: %d""",,,,,,,,,,,,
2003,,INT32,1,"""ble peer bonded index is: %d""",,,,,,,,,,,,
2004,,INT32,1,"""ble encrypt link result is: %d""",,,,,,,,,,,,
2005,,NONE,0,"""ble start to pairing request""",,,,,,,,,,,,
2006,,BYTES,5,"""ble connection parameters is""",,,,,,,,,,,,
2007,,INT32,1,"""ble MTU exchange to: %d""",,,,,,,,,,,,
2008,,INT32,3,"""ble connection id %d bond id %d disconnected because of: %x RSSI: %d""",,,,,,,,,,,,
2009,,INT32,5,"""ble power up, version %d.%d.%d-%d chipcode: %x""",,,,,,,,,,,,
2010,,INT32,3,"""ble vehicle ack service code %04x status %d conn_id %d length %d""",,,,,,,,,,,,
2011,,NONE,0,"""ble heart beat""",,,,,,,,,,,,
2012,,INT32,2,"""ble cell phone type :%d role: %d connected, connection id:%d""",,,,,,,,,,,,
2013,,STRING,3,"""white box version is: %s""",,,,,,,,,,,,
2014,,NONE,3,"""ble user config bond id error!""",,,,,,,,,,,,
2015,,INT32,1,"""ble start to reset countdown, fail to touch mcu cnt: %d""",,,,,,,,,,,,
2016,,NONE,0,"""ble stop reset ticktock""",,,,,,,,,,,,
2017,,INT32,1,"""ble ota check version error: %d""",,,,,,,,,,,,
2018,,INT32,5,"""ble send to 4g len:%d data:0x%x, 0x%x, 0x%x, 0x%x""",,,,,,,,,,,,
2019,,INT32,1,"""ble not find target: 0x%x image""",,,,,,,,,,,,
2020,,NONE,0,"""ble not find target""",,,,,,,,,,,,
2021,,NONE,0,"""ble ota check header error""",,,,,,,,,,,,
2022,,INT32,1,"""ble ota send data error index: %d""",,,,,,,,,,,,
2023,,INT32,5,"""ble ota success! version %d.%d.%d-%d chipcode: 0x%x""",,,,,,,,,,,,
2024,,INT32,6,"""single ble power up, reason: %d version %d.%d.%d-%d chipcode: %x""",,,,,,,,,,,,
2025,,NONE,0,"""LTE died, reset LTE""",,,,,,,,,,,,
2026,,NONE,0,"“location task died, reset BLE”",,,,,,,,,,,,
2027,,INT32,2,"""ble crc error: %x - %x""",,,,,,,,,,,,
2028,,INT32,1,"""ble send frame index %d again""",,,,,,,,,,,,
2031,,INT32,2,"""ble receive 4g vehicle control cmd func_id: 0x%x, src id: %d""",,,,,,,,,,,,
2032,,INT32,2,"""ble can not reset mcu because of %d, %d""",,,,,,,,,,,,
2033,,INT32,2,"""ble system refactory %d result %d""",,,,,,,,,,,,
2034,,INT32,1,"""ble system reset target %d""",,,,,,,,,,,,
2035,,NONE,0,"""ble heartbeat with 4g timeout""",,,,,,,,,,,,
2036,,INT32,3,"""ble got from connection id: %d vehicle control cmd: 0x%x, src id: %d""",,,,,,,,,,,,
2037,,INT32,2,"""dk get file size: %d, file idx: %d""",,,,,,,,,,,,
2038,,INT32,1,"""ble loc send intelligence cmd 0x%x""",,,,,,,,,,,,
2039,,INT32,1,"""ble got whitelist from 4g, len: %d""",,,,,,,,,,,,
2040,,INT32,2,"""ble got message from gatt: 0x%04x, rssi: %d""",,,,,,,,,,,,
2041,,INT32,1,"""ble provsion timeout disconnect connection: %d""",,,,,,,,,,,,
2042,,INT32,2,"""ble hid char write index: %d, len: %d""",,,,,,,,,,,,
2043,,NONE,0,"""ble hid boot mode enter""",,,,,,,,,,,,
2044,,INT32,2,"""ble hid notify enabled idx: %d, conn: %d""",,,,,,,,,,,,
2045,,INT32,2,"""ble hid notify disabled idx: %d, conn: %d""",,,,,,,,,,,,
2046,,NONE,0,"""ble hid host suspend""",,,,,,,,,,,,
2047,,INT32,1,"""ble hid evt type: %d""",,,,,,,,,,,,
2053,,INT32,1,"""ble hid get dkid via bondid %d err""",,,,,,,,,,,,
2065,,NONE,0,"""Mute dkmm ble!""",,,,,,,,,,,,
2066,,NONE,0,"""Unmute dkmm ble!""",,,,,,,,,,,,
2067,,INT32,4,"""ble disconnected connection id is %d CI is %d hop is %d crc_seed is %d""",,,,,,,,,,,,
2068,,BYTES,6,"""ble disconnection uuid is:""",,,,,,,,,,,,
2069,,BYTES,16,"""ble user config error DK ID is:""",,,,,,,,,,,,
2070,,NONE,0,"""ble user config session error""",,,,,,,,,,,,
2071,,BYTES,16,"""ble encryption error of DK ID:""",,,,,,,,,,,,
2072,,NONE,0,"""ble sync white list from lte""",,,,,,,,,,,,
2073,,INT32,2,"""ble provision cmd: 0x%x result: 0x%x""",,,,,,,,,,,,
2074,,INT32,3,"""ble notify crypt %d error code: %x  len: %d""",,,,,,,,,,,,
2075,,NONE,0,"""ble reset 4g because of se agent timeout""",,,,,,,,,,,,
2076,,BYTES,6,"""ble connection dev id:""",,,,,,,,,,,,
2077,,INT32,1,"""ble update whitelist len: %d""",,,,,,,,,,,,
2078,,INT32,3,"""ble notify crypt %d error code: %x  len: %d""",,,,,,,,,,,,
2079,,INT32,2,"""ble call loc function conid:%d and bondid:%d""",,,,,,,,,,,,
2080,,BYTES,4,"""ble set user config account is:""",,,,,,,,,,,,
2081,,BYTES,16,"""ble auto connected dk id is: """,,,,,,,,,,,,
2082,,BYTES,16,"""ble bond success the dk id is: """,,,,,,,,,,,,
2083,,BYTES,16,"""ble disconnect the dk id is: """,,,,,,,,,,,,
2084,,NONE,0,"""dk file erase failed!""",,,,,,,,,,,,
2085,,NONE,0,"""dk file write failed!""",,,,,,,,,,,,
2086,,INT32,1,"""dk len is too long:%d""",,,,,,,,,,,,
2087,,INT32,3,"""prepare to crypt con id: %d handle:%x data len:%d""",,,,,,,,,,,,
2088,,INT32,2,"""dk start to do crypt: %d, data len: %d""",,,,,,,,,,,,
2089,,INT32,2,"""dk after crypt err: %d, data len: %d""",,,,,,,,,,,,
2090,,INT32,2,"""dk write file error, input buffer len: %d, max size: %d""",,,,,,,,,,,,
2100,,INT32,5,"""ble loc cal location init tag_id %d thr_val %d %d %d %d""",,,,,,,,,,,,
2101,,INT32,5,"""ble loc calibration param update tag_id %d val %d %d %d %d""",,,,,,,,,,,,
2102,,NONE,0,"""ble loc calibration time out""",,,,,,,,,,,,
2103,,INT32,1,"""ble loc calibration end err, cali num %d""",,,,,,,,,,,,
2104,,NONE,0,"""ble loc lock car request""",,,,,,,,,,,,
2105,,NONE,0,"""ble loc unlock car request""",,,,,,,,,,,,
2106,,INT32,1,"""ble loc active bond id is still: %d, conn standard: %d""",,,,,,,,,,,,
2107,,INT32,10,"""ble loc rssi: %d %d %d %d %d %d %d %d %d %d""",,,,,,,,,,,,
2108,,NONE,0,"""ble loc first bond, dkvk session role err""",,,,,,,,,,,,
2109,,INT32,2,"""ble loc cal start, tag id: %d, bond id: %d""",,,,,,,,,,,,
2110,,INT32,3,"""ble loc cal end, tag id: %d, bond id: %d, cal val: %d""",,,,,,,,,,,,
2111,,INT32,1,"""ble loc dk owner in the current connect, tag id: %d""",,,,,,,,,,,,
2112,,INT32,2,"""ble loc current connect is dk family, tag id: %d enable: %d""",,,,,,,,,,,,
2113,,INT32,8,"""ble loc usr cfg en no change: %d %d %d %d %d %d %d %d""",,,,,,,,,,,,
2114,,INT32,1,"""ble loc get pre user config err, bond id %d""",,,,,,,,,,,,
2115,,NONE,0,"""ble loc update, conn id not found""",,,,,,,,,,,,
2116,,NONE,0,"""ble loc before unlock set flg enable""",,,,,,,,,,,,
2117,,INT32,2,"""ble loc send cmd fail, msg_type: %x; error_code: %d""",,,,,,,,,,,,
2118,,NONE,0,"""ble loc disconnect, all ble disconnect, lock car""",,,,,,,,,,,,
2119,,NONE,0,"""ble loc disconnect, tag id bigger than MAX_TAG_NUM""",,,,,,,,,,,,
2120,,INT32,1,"""ble loc zone en change, rssi: %d""",,,,,,,,,,,,
2121,,INT32,2,"""ble loc disconnect, still other ble connect, newest tag id: %d, bond id: %d""",,,,,,,,,,,,
2122,,INT32,4,"""ble loc first bond, bond id %d, tag id %d, dk role %d, en %d""",,,,,,,,,,,,
2123,,INT32,4,"""ble loc reconnect, bond id %d, tag id %d, dk role %d, en %d""",,,,,,,,,,,,
2124,,INT32,9,"""ble loc calibration param update, bond_id %d thr %d %d %d %d %d %d %d %d""",,,,,,,,,,,,
2125,,INT32,1,"""ble loc disconnect, invalid dk role: %d""",,,,,,,,,,,,
2126,,INT32,1,"""ble loc disconnect, dk family disconnect, cur active bond id %d is dk owner""",,,,,,,,,,,,
2127,,INT32,2,"""ble loc cal start fail, bond id %d, active bond id: %d""",,,,,,,,,,,,
2128,,INT32,2,"""ble loc cal end fail, bond id %d, active bond id: %d""",,,,,,,,,,,,
2129,,INT32,2,"""ble loc active bond id changed %d->%d, reset ble zone""",,,,,,,,,,,,
2130,,NONE,0,"""ble loc disconnect, all ble disconnect",,,,,,,,,,,,
2131,,INT32,2,"""ble loc zone change, get default config, tag id: %d bond id: %d""",,,,,,,,,,,,
2132,,INT32,2,"""ble loc disconnect, get usr cfg err, tag id: %d bond id: %d""",,,,,,,,,,,,
2133,,NONE,0,"""ble loc param struct update""",,,,,,,,,,,,
2134,,INT32,2,"""ble loc version %d, new version %d""",,,,,,,,,,,,
2135,,INT32,2,"""ble loc first bond, dk owner(bond id %d) has exist in role: %d,clear family""",,,,,,,,,,,,
2136,,INT32,2,"""ble loc first bond, dk family(bond id %d) has exist in role: %d, clear owner""",,,,,,,,,,,,
2137,,INT32,1,"""ble loc update calib fail, ret: %d""",,,,,,,,,,,,
2138,,INT32,1,"""ble loc reconnect, cur connect info, bond id: %d(dk_owner)-%d-%d-%d-%d(dk_family)""",,,,,,,,,,,,
2139,,INT32,2,"""ble loc bond id %d conn id %d is working""",,,,,,,,,,,,
2140,,INT32,2,"""ble loc reconnect, bond id %d, dk role is invalid: %d""",,,,,,,,,,,,
2141,,NONE,0,"""ble loc update, bond id not found""",,,,,,,,,,,,
2142,,INT32,2,"""ble loc bond id %d conn id %d clear family due to check invalid""",,,,,,,,,,,,
2143,,INT32,2,"""ble loc not unlock car, lock sts: %d intelligence en: %d""",,,,,,,,,,,,
2144,,INT32,9,"""ble loc cal location init, bond_id %d thr_val %d %d %d %d %d %d %d %d""",,,,,,,,,,,,
2145,,INT32,10,"""ble loc cal update, conn id: %d bond id: %d thr: %d %d %d %d %d %d %d %d""",,,,,,,,,,,,
2146,,INT32,1,"""ble loc fun init, get loc param fail, ret: %d""",,,,,,,,,,,,
2147,,INT32,2,"""ble loc param update, bond id %d not active, active bond id %d""",,,,,,,,,,,,
2148,,INT32,8,"""ble loc fun init, loc param get success, bond id: %d %d %d %d %d %d %d %d""",,,,,,,,,,,,
2149,,NONE,0,"""ble loc fun init, loc param version is invalid""",,,,,,,,,,,,
2150,,INT32,1,"""ble loc dk owner disconnect, bond id %d""",,,,,,,,,,,,
2151,,NONE,0,"""ble loc first bond, dkvk get dk id err""",,,,,,,,,,,,
2152,,INT32,8,"""ble loc usr cfg send, intelligence en %d peps en %d trunk peps en %d kick en %d start zone en %d peps zone en %d trunk zone en %d comfort en %d""",,,,,,,,,,,,
2153,,INT32,2,"""ble loc first bond, dk owner change, bond id %d->%d""",,,,,,,,,,,,
2154,,NONE,0,"""ble loc reconnect, bond id not found""",,,,,,,,,,,,
2155,,INT32,3,"""ble loc fun tag init, bond id %d, tag id %d, conn standard %d""",,,,,,,,,,,,
2156,,INT32,1,"""ble loc first bond, dk role is owner, bond id %d""",,,,,,,,,,,,
2157,,INT32,2,"""ble loc first bond, dk family(role %d), bond id %d has exist""",,,,,,,,,,,,
2158,,INT32,2,"""ble loc first bond, dk family(role %d), bond id %d first bond""",,,,,,,,,,,,
2159,,INT32,3,"""ble loc first bond, dk family bond id change %d->%d because of full, dk role %d""",,,,,,,,,,,,
2160,,INT32,3,"""ble loc not lock car, lock sts: %d intelligence en: %d comfort en: %d""",,,,,,,,,,,,
2161,,INT32,3,"""ble loc disconnect, not lock car, intelligence en: %d comfort en: %d lock sts: %d""",,,,,,,,,,,,
2162,,INT32,1,"""ble loc conn standard flag: %d, reset ble zone""",,,,,,,,,,,,
2163,,INT32,3,"""ble loc disconnect, tag id: %d bond id: %d dk role: %d""",,,,,,,,,,,,
2164,,INT32,2,"""ble loc sencond update, bond id %d, conn id %d""",,,,,,,,,,,,
2165,,INT32,5,"""ble loc first bond, cur connect info, bond id: %d(dk_owner)-%d-%d-%d-%d(dk_family)""",,,,,,,,,,,,
2166,,INT32,4,"""ble loc set user config:%d,%d,%d bond:%d""",,,,,,,,,,,,
2167,,INT32,4,"""ble loc get user config, bond id %d mode %d trunk %d kick %d""",,,,,,,,,,,,
2168,,INT32,1,"""ble loc get user config err, bond id %d""",,,,,,,,,,,,
2169,,INT32,1,"""ble loc set user config err, bond id %d""",,,,,,,,,,,,
2170,,NONE,0,"""ble loc first bond, invalid peer addr""",,,,,,,,,,,,
2171,,INT32,2,"""ble loc first bond, invalid role, bond id: %d dk role: %d""",,,,,,,,,,,,
2172,,BYTES,16,"""ble loc family role is change, pre dk id: """,,,,,,,,,,,,
2173,,BYTES,16,"""ble loc family role is change, now dk id: """,,,,,,,,,,,,
2174,,NONE,0,"""ble loc failed to allocate memory for new node""",,,,,,,,,,,,
2175,,INT32,2,"""ble loc user config update, bond id %d, active bond id %d""",,,,,,,,,,,,
2176,,INT32,12,"""ble loc four connect info, bond id: %d-%d-%d-%d; role: %d-%d-%d-%d; en: %d-%d-%d-%d""",,,,,,,,,,,,
2177,,NONE,0,"""ble loc update, save param to flash""",,,,,,,,,,,,
2178,,INT32,1,"""ble loc remove ble conn dev: conn_id %d is out of range""",,,,,,,,,,,,
2179,,INT32,4,"""ble loc bond list: %d -> %d -> %d -> %d""",,,,,,,,,,,,
2180,,INT32,1,"""ble loc bond id %d deleted in bond list""",,,,,,,,,,,,
2181,,INT32,1,"""ble loc get bond list end %d""",,,,,,,,,,,,
2182,,INT32,1,"""ble loc dk family connect, bond id %d already exists, delete it""",,,,,,,,,,,,
2183,,INT32,3,"""ble loc zone change: %d->%d, rssi: %d""",,,,,,,,,,,,
2184,,INT32,2,"""ble loc calibration nums: %d; idx: %d""",,,,,,,,,,,,
2185,,INT32,11,"""ble loc calibration buff value: %d %d %d %d %d %d %d %d %d %d %d""",,,,,,,,,,,,
2186,,INT32,1,"""ble loc save param to flash failed: %d""",,,,,,,,,,,,
2187,,NONE,0,"""ble loc remove ble conn dev: loc_dev_queue is NULL""",,,,,,,,,,,,
2188,,INT32,3,"""ble loc remove ble conn dev: osaQueueSend failed: %d %d %d""",,,,,,,,,,,,
2189,,INT32,8,"""ble loc active thr val: %d %d %d %d %d %d %d %d""",,,,,,,,,,,,
2190,,INT32,5,"""ble loc disconnect, cur connect info, bond id: %d(dk_owner)-%d-%d-%d-%d(dk_family)""",,,,,,,,,,,,
2191,,INT32,1,"""ble loc add ble conn dev: conn_id %d is out of range",,,,,,,,,,,,
2192,,NONE,0,"""ble loc add ble conn dev: loc_dev_queue is NULL""",,,,,,,,,,,,
2193,,INT32,3,"""loc add ble conn dev: osaQueueSend failed: %d %d %d""",,,,,,,,,,,,
3000,,STRING,1,"""4g module sdk version: %s""",,,,,,,,,,,,
3001,,STRING,1,"""4g module app version: %s""",,,,,,,,,,,,
3002,,STRING,1,"""4g module simcard ccid: %s""",,,,,,,,,,,,
3003,,NONE,0,"""4g version exchange fail!""",,,,,,,,,,,,
3004,,INT32,4,"""4g heart beat response seq id: %d rtt: %d csq: %d heap free %d""",,,,,,,,,,,,
3005,,INT32,5,"""4g power up reason: %d version:%d.%d.%d-%d""",,,,,,,,,,,,
3006,,NONE,0,"""4g net connected""",,,,,,,,,,,,
3007,,NONE,0,"""4g net disconnected""",,,,,,,,,,,,
3008,,NONE,0,"""4g ntp sync success""",,,,,,,,,,,,
3009,,NONE,0,"""4g mqtt connected""",,,,,,,,,,,,
3010,,INT32,1,"""4g mqtt disconnected reason is %d""",,,,,,,,,,,,
3011,,NONE,0,"""4g mqtt triplet request success""",,,,,,,,,,,,
3012,,INT32,1,"""4g mqtt triplet request failed error code: %d""",,,,,,,,,,,,
3013,,NONE,0,"""4g mqtt topic subscribe success""",,,,,,,,,,,,
3014,,INT32,1,"""4g mqtt topic subscribe failed error code: %d""",,,,,,,,,,,,
3015,,NONE,0,"""4g system enter low power mode""",,,,,,,,,,,,
3016,,NONE,0,"""4g system exit low power mode""",,,,,,,,,,,,
3017,,NONE,0,"""4g system version exchange ok""",,,,,,,,,,,,
3018,,NONE,0,"""4g system pksk exchange ok""",,,,,,,,,,,,
3019,,INT32,1,"""4g system se agent result %d""",,,,,,,,,,,,
3020,,NONE,0,"""4g ota download start""",,,,,,,,,,,,
3021,,NONE,0,"""4g ota run start""",,,,,,,,,,,,
3022,,INT32,3,"""4g ota download target %d result %d reason %d""",,,,,,,,,,,,
3023,,INT32,3,"""4g ota run target %d result %d reason %d""",,,,,,,,,,,,
3024,,INT32,3,"""4g dkvk operation entry session %d cmd %04x failed error code %04x""",,,,,,,,,,,,
3025,,BYTES,55,"""4g vehical status:""",,,,,,,,,,,,
3026,,INT32,1,"""4g vehical control lock status %d""",,,,,,,,,,,,
3027,,INT32,3,"""4g vehical control car window ctl %d pos %d open %d""",,,,,,,,,,,,
3028,,INT32,1,"""4g vehical control sky window open %d""",,,,,,,,,,,,
3029,,INT32,1,"""4g vehical control whistle %d""",,,,,,,,,,,,
3030,,INT32,1,"""4g vehical control liftback door %d""",,,,,,,,,,,,
3031,,INT32,1,"""4g vehical control temperature auto %d""",,,,,,,,,,,,
3032,,INT32,1,"""4g vehical control refrigeration %d""",,,,,,,,,,,,
3033,,INT32,1,"""4g vehical control air condition %d""",,,,,,,,,,,,
3034,,INT32,2,"""4g vehical control engine %d duration %d""",,,,,,,,,,,,
3035,,INT32,1,"""4g vehical control one click find car %d""",,,,,,,,,,,,
3036,,INT32,1,"""4g vehical control front l seat heating %d""",,,,,,,,,,,,
3037,,INT32,1,"""4g vehical control front l seat ventilation %d""",,,,,,,,,,,,
3038,,INT32,1,"""4g vehical control front r seat heating %d""",,,,,,,,,,,,
3039,,INT32,1,"""4g vehical control front r seat ventilation %d""",,,,,,,,,,,,
3040,,INT32,3,"""4g vehical control all seat heating %d front pos %d back pos %d""",,,,,,,,,,,,
3041,,INT32,3,"""4g vehical control all seat ventilation %d front pos %d back pos %d""",,,,,,,,,,,,
3042,,INT32,1,"""4g vehical control passive entry %d""",,,,,,,,,,,,
3043,,INT32,1,"""4g vehical control passive entry dis %d""",,,,,,,,,,,,
3044,,INT32,1,"""4g vehical control lock auto window lifting %d""",,,,,,,,,,,,
3045,,INT32,1,"""4g vehical control peps %d""",,,,,,,,,,,,
3046,,INT32,1,"""4g vehical control kick %d""",,,,,,,,,,,,
3047,,INT32,1,"""4g vehical control anti thief %d""",,,,,,,,,,,,
3048,,INT32,1,"""4g vehical control repair %d""",,,,,,,,,,,,
3049,,INT32,1,"""4g vehical control car show %d""",,,,,,,,,,,,
3050,,INT32,1,"""4g vehical control steering wheel heating %d""",,,,,,,,,,,,
3051,,INT32,1,"""4g vehical control curtain %d""",,,,,,,,,,,,
3052,,INT32,1,"""4g vehical control car type %d""",,,,,,,,,,,,
3053,,INT32,3,"""4g vehical control one click hot car %d temper %d duration %d""",,,,,,,,,,,,
3054,,INT32,1,"""4g vehical control car %d""",,,,,,,,,,,,
3055,,NONE,0,"""4g securiy channel create start""",,,,,,,,,,,,
3056,,NONE,0,"""4g securiy channel create success""",,,,,,,,,,,,
3057,,INT32,1,"""4g securiy channel create fail error code: %d""",,,,,,,,,,,,
3058,,INT32,3,"""4g dkvk operation entry service code %04x, securiy mode %d command %04x""",,,,,,,,,,,,
3059,,INT32,1,"""4g heart beat start src id: %d""",,,,,,,,,,,,
3060,,STRING,1,"""4g vin report %s""",,,,,,,,,,,,
3061,,INT32,1,"""4g system reset target %d""",,,,,,,,,,,,
3062,,INT32,1,"""4g system factory reset target %d""",,,,,,,,,,,,
3063,,NONE,0,"""4g system heartbeat reset ble""",,,,,,,,,,,,
3064,,NONE,0,"""4g system boardcomm heartbeat start""",,,,,,,,,,,,
3065,,INT32,2,"""4g ota send nego result %d reason %d""",,,,,,,,,,,,
3066,,NONE,0,"""4g system version report""",,,,,,,,,,,,
3067,,NONE,0,"""4g ota http download mcu ble success""",,,,,,,,,,,,
3068,,INT32,1,"""4g ota http download mcu ble fail error code %d""",,,,,,,,,,,,
3069,,NONE,0,"""4g gnss start get NMEA data by NMEA urc""",,,,,,,,,,,,
3070,,NONE,0,"""4g gnss stop get NMEA data by NMEA urc""",,,,,,,,,,,,
3071,,NONE,0,"""4g gnss the vehicle switches to p gear, record tick""",,,,,,,,,,,,
3072,,INT32,1,"""4g gnss the interval between p gear or start was %d minutes, start gnss""",,,,,,,,,,,,
3073,,NONE,0,"""4g gnss p gear gnss report, sustain 10 second, stop gnss""",,,,,,,,,,,,
3074,,INT32,1,"""4g gnss p gear gnss report, the vehicle p gear lasted for %d minutes, stop gnss""",,,,,,,,,,,,
3075,,NONE,0,"""4g gnss buffer halMalloc fail""",,,,,,,,,,,,
3076,,INT32,2,"""4g gnss osaEventGroupCreate fail, ret: %d, event handle: 0x%x""",,,,,,,,,,,,
3077,,INT32,2,"""4g gnss Mutex Create fail, ret: %d, mutex ref: 0x%x""",,,,,,,,,,,,
3078,,NONE,0,"""4g gnss the vehicle not startup or stop acc, report gnss""",,,,,,,,,,,,
3079,,INT32,0,"""4g gnss power on error: %d""",,,,,,,,,,,,
3080,,INT32,1,"""4g gnss start mode error: %d""",,,,,,,,,,,,
3081,,INT32,1,"""4g gnss agps service open error: %d""",,,,,,,,,,,,
3082,,BYTES,8,"""4g gnss report speed/interval:""",,,,,,,,,,,,
3083,,INT32,0,"""4g gnss power off error: %d"",",,,,,,,,,,,,
3084,,INT32,1,"""4g gnss dkTaskGnssInit fail: %d""",,,,,,,,,,,,
3085,,INT32,1,"""4g gnss osaEventGroupWaitBits faild: %d""",,,,,,,,,,,,
3086,,INT32,1,"""4g dkvk session %d create""",,,,,,,,,,,,
3087,,INT32,1,"""4g dkvk session create failed %d""",,,,,,,,,,,,
3088,,INT32,1,"""4g dkvk session %d delete""",,,,,,,,,,,,
3089,,NONE,0,"""4g dkvk operation entry fail to reset""",,,,,,,,,,,,
3090,,NONE,0,"""4g dkvk command entry fail to reset""",,,,,,,,,,,,
3091,,NONE,0,"""4g dkvk km operation entry fail to reset""",,,,,,,,,,,,
3092,,INT32,3,"""4g dkvk command entry session %d cmd %04x failed error code %04x""",,,,,,,,,,,,
3093,,INT32,1,"""4g http request mqtt login info fail %d""",,,,,,,,,,,,
3094,,INT32,1,"""4g system whiltelist sync from ble size %d""",,,,,,,,,,,,
3095,,NONE,0,"""4g system boardcomm heartbeat stop""",,,,,,,,,,,,
3096,,NONE,0,"""4g dkvk memery zero to reset""",,,,,,,,,,,,
3097,,STRING,1,"""4g dkvk read file size fail, file name: %s""",,,,,,,,,,,,
3098,,STRING,1,"""4g dkvk read file fail, file name: %s""",,,,,,,,,,,,
3099,,STRING,1,"""4g dkvk write file fail, file name: %s""",,,,,,,,,,,,
3100,,INT32,2,"""5g dkvk read file fail, file index: %d error info %d""",,,,,,,,,,,,
3101,,INT32,2,"""5g dkvk write file fail, file index: %d error info %d""",,,,,,,,,,,,
3102,,STRING,1,"""4g dkvk remove file fail, file name: %s""",,,,,,,,,,,,
3103,,INT32,1,"""4g http request fail to reset ble, error code %d""",,,,,,,,,,,,
3104,,INT32,3,"""4g mqtt recv msg fail msgid %d arg1 %d arg3 %d""",,,,,,,,,,,,
3105,,STRING,1,"""4g mqtt rrpc %s recieve""",,,,,,,,,,,,
3106,,STRING,1,"""4g mqtt rrpc %s response""",,,,,,,,,,,,
3107,,INT32,1,"""4g mqtt recieve buffer malloc size %d fail""",,,,,,,,,,,,
3108,,INT32,1,"""4g mqtt base64 parsing fail error code %d""",,,,,,,,,,,,
3109,,INT32,1,"""4g mqtt topic malloc size %d fail""",,,,,,,,,,,,
3110,,INT32,1,"""4g mqtt data malloc size %d fail""",,,,,,,,,,,,
3111,,INT32,1,"""4g mqtt msg send to queue fail error code %d""",,,,,,,,,,,,
3112,,INT32,1,"""4g mqtt rrpc publish fail error code %d""",,,,,,,,,,,,
3113,,STRING,1,"""4g mqtt rc %s recieve""",,,,,,,,,,,,
3114,,STRING,1,"""4g mqtt tc %s publish""",,,,,,,,,,,,
3115,,STRING,1,"""4g mqtt ro %s recieve""",,,,,,,,,,,,
3116,,STRING,1,"""4g mqtt to %s publish""",,,,,,,,,,,,
3117,,STRING,1,"""4g mqtt ra %s recieve""",,,,,,,,,,,,
3118,,STRING,1,"""4g mqtt ta %s publish""",,,,,,,,,,,,
3119,,INT32,1,"""4g mqtt dkvk cmd %d publish""",,,,,,,,,,,,
3120,,STRING,1,"""4g mqtt topic %s recieve""",,,,,,,,,,,,
3121,,INT32,1,"""4g service msg unpacking fail %04x""",,,,,,,,,,,,
3122,,INT32,1,"""4g service unknown service code %04x""",,,,,,,,,,,,
3123,,INT32,1,"""4g service src id fail %d""",,,,,,,,,,,,
3124,,INT32,2,"""4g vehicle control response src id %d data len %d""",,,,,,,,,,,,
3125,,INT32,2,"""4g vehicle control notify src id %d, ret %d""",,,,,,,,,,,,
3126,,INT32,1,"""4g dkvk white list update from cloud size %d""",,,,,,,,,,,,
3127,,INT32,3,"""4g mqtt msg service code %04x expire %d %d""",,,,,,,,,,,,
3128,,INT32,2,"""4g system calibrate time %d %d""",,,,,,,,,,,,
3129,,INT32,3,"""4g service msg send to queue fail service code %04x, security mode %d error code %d""",,,,,,,,,,,,
3130,,INT32,3,"""4g service msg send fail service code %04x, security mode %d error code %d""",,,,,,,,,,,,
3131,,INT32,3,"""4g mqtt msg transmit fail service code %04x, reason %d error code %d""",,,,,,,,,,,,
3132,,INT32,1,"""4g test %d""",,,,,,,,,,,,
3133,,NONE,0,"""4g simcard info report""",,,,,,,,,,,,
3134,,INT32,3,"""4g simcard get info step %d fail ret is %d param is %d""",,,,,,,,,,,,
3135,,NONE,0,"""4g service code list report""",,,,,,,,,,,,
3136,,NONE,0,4g service vehicle control wait response timeout,,,,,,,,,,,,
3137,,INT32,2,4g se agent data len is %d tail data is %x,,,,,,,,,,,,
3138,,NONE,0,"""4g gnss report once, start gnss""",,,,,,,,,,,,
3139,,NONE,0,"""4g gnss report once, stop gnss""",,,,,,,,,,,,
3140,,INT32,3,"""4g gnss event %d send fail: %d, handler: 0x%x""",,,,,,,,,,,,
3141,,NONE,0,"""4g gnss already started""",,,,,,,,,,,,
3142,,INT32,1,"""4g gnss report interval is invalid, val_%d is 0; use default""",,,,,,,,,,,,
3143,,INT32,1,"""4g gnss start nmea data error: %d""",,,,,,,,,,,,
3144,,INT32,1,"""4g gnss stop nmea data error: %d""",,,,,,,,,,,,
3145,,INT32,2,"""4g system malloc id %d size %d fail""",,,,,,,,,,,,
3146,,INT32,1,"""4g service set rsp fail error code is %d""",,,,,,,,,,,,
3147,,INT32,1,"""4g vehicle send to queue fail error code is %d""",,,,,,,,,,,,
3148,,INT32,1,"""4g vehicle set response msg fail error code is %d""",,,,,,,,,,,,
3149,,INT32,3,"""5g vehicle send response msg fail error code is %d, status code %04x data len %d""",,,,,,,,,,,,
3150,,INT32,1,"""4g gnss data send fali %d""",,,,,,,,,,,,
3151,,INT32,6,"""4g gnss data send suc, lat: %d, lon: %d, time: %d lat: %d, lon: %d, time: %d""",,,,,,,,,,,,
3152,,INT32,3,"""4g ota recv ble file size %d segment %d fail error code %d""",,,,,,,,,,,,
3153,,INT32,3,"""4g mqtt connect interval idx %d interval count %d interval value %d""",,,,,,,,,,,,
3154,,NONE,0,"""4g mqtt connect start""",,,,,,,,,,,,
3155,,INT32,2,"""4g mqtt get user info from domain index %d by domain num %d""",,,,,,,,,,,,
3156,,INT32,2,"""4g mqtt get user info from domain index %d ret %d""",,,,,,,,,,,,
3157,,INT32,1,"""4g mqtt sub topic fail error code is %d""",,,,,,,,,,,,
3158,,INT32,2,"""4g mqtt sub topic %d result %d""",,,,,,,,,,,,
3159,,INT32,1,"""4g mqtt start fail error code is %d""",,,,,,,,,,,,
3160,,INT32,1,"""4g mqtt accquire fail error code is %d""",,,,,,,,,,,,
3161,,INT32,2,"""4g ota download finish ret %d ota instantly %d""",,,,,,,,,,,,
3162,,STRING,1,"""4g system reset trigger function name is %s""",,,,,,,,,,,,
3163,,INT32,1,"""4g system reset trigger file line is %d""",,,,,,,,,,,,
3164,,NONE,0,"""4g gnss get net status err""",,,,,,,,,,,,
3165,,NONE,0,"""4g gnss start test""",,,,,,,,,,,,
3166,,NONE,0,"""4g gnss test success""",,,,,,,,,,,,
3167,,NONE,0,"""4g gnss test fail""",,,,,,,,,,,,
3168,,INT32,1,"""4g gnss test result: %d""",,,,,,,,,,,,
3169,,NONE,0,"""4g system hardware code exchange fail""",,,,,,,,,,,,
3170,,NONE,0,"""4g system hardware code exchange ok""",,,,,,,,,,,,
3171,,NONE,0,"""4g system hardware code report""",,,,,,,,,,,,
3172,,INT32,2,"""4g ota file write package fail ret %d msg len %d""",,,,,,,,,,,,
3173,,INT32,1,"""4g gnss event handle init success: 0x%x""",,,,,,,,,,,,
3174,,INT32,2,"""4g gnss event handler is change 0x%x->0x%x, 4G reset""",,,,,,,,,,,,
3175,,INT32,1,"""4g weather sync seq %d""",,,,,,,,,,,,
3176,,INT32,,"""4g weather sync result seq %d tag %d len %d heap free %d""",,,,,,,,,,,,
3177,,NONE,0,"""4g gnss start, exit lower power mode fail, 4G reset""",,,,,,,,,,,,
3178,,INT32,4,"""the vehicle gears: %d, speed: %d, startup: %d, start_acc: %d; no need to start gnss""",,,,,,,,,,,,
3179,,INT32,1,"""4g gnss set enable: %d""",,,,,,,,,,,,
3180,,INT32,1,"""4g heartbeat set eanble %d from src %d""",,,,,,,,,,,,
3181,,NONE,0,"""4g gnss the vehicle startup or start acc""",,,,,,,,,,,,
3182,,INT32,3,"""4g task %d check ce fail ret %d cnt %d""",,,,,,,,,,,,
3183,,INT32,1,"""4g gnss set disable: %d""",,,,,,,,,,,,
3184,,INT32,1,"""4g rs485 message send to queue fail ret is %d""",,,,,,,,,,,,
3185,,INT32,1,"""4g mqtt connect fail error code is %d""",,,,,,,,,,,,
3186,,INT32,2,"""4g gnss the vehicle speed: %d, set gnss sample interval: %d seconds""",,,,,,,,,,,,
3187,,INT32,1,"""4g gnss start mode: %d""",,,,,,,,,,,,
3188,,NONE,0,"""4g gnss no gps data to report""",,,,,,,,,,,,
3189,,INT32,2,"""4g gnss valid flag change: %d -> %d""",,,,,,,,,,,,
3190,,INT32,2,"""4g vehicle event notiry tag %d value %d""",,,,,,,,,,,,
4000,,STRING,1,"""wb sync white list: %s""",,,,,,,,,,,,
4001,,STRING,1,"""wb standard auth: %s""",,,,,,,,,,,,
4002,,STRING,1,"""wb fast auth: %s""",,,,,,,,,,,,
4003,,STRING,1,"""wb build secure channel: %s""",,,,,,,,,,,,
4004,,STRING,1,"""wb secure channel write: %s""",,,,,,,,,,,,
4005,,STRING,1,"""wb secure channel read: %s""",,,,,,,,,,,,
4006,,STRING,1,"""wb build cloud secure channel: %s""",,,,,,,,,,,,
4007,,STRING,1,"""wb cloud secure channel write: %s""",,,,,,,,,,,,
4008,,STRING,1,"""wb cloud secure channel read: %s""",,,,,,,,,,,,
4009,,STRING,1,"""wb operation: %s""",,,,,,,,,,,,
4010,,STRING,1,"""wb mbedtls operation: %s""",,,,,,,,,,,,
4011,,STRING,1,"""wb create session: %s""",,,,,,,,,,,,
4012,,STRING,1,"""wb delete session: %s""",,,,,,,,,,,,
4013,,STRING,1,"""wb sdk: %s""",,,,,,,,,,,,
4014,,STRING,1,"""wb session: %s""",,,,,,,,,,,,
4015,,STRING,1,"""wb standard auth v2: %s""",,,,,,,,,,,,
4016,,STRING,1,"""wb fast auth v2: %s""",,,,,,,,,,,,
4017,,STRING,1,"""wb check session: %s""",,,,,,,,,,,,
